,county,num_blocks,num_tracts
0,01001,1887,12
1,01003,8628,32
2,01005,1820,9
3,01007,1777,4
4,01009,2750,9
5,01011,820,3
6,01013,1654,9
7,01015,6919,31
8,01017,2184,9
9,01019,2497,6
10,01021,2208,9
11,01023,1139,4
12,01025,1884,9
13,01027,1588,4
14,01029,1471,4
15,01031,2321,14
16,01033,3799,14
17,01035,1444,5
18,01037,1534,3
19,01039,3271,14
20,01041,1124,6
21,01043,4363,18
22,01045,3033,14
23,01047,3099,15
24,01049,4435,14
25,01051,3680,15
26,01053,3382,9
27,01055,5044,30
28,01057,1731,5
29,01059,2556,9
30,01061,2417,6
31,01063,1363,3
32,01065,1186,6
33,01067,1445,6
34,01069,4192,22
35,01071,4476,11
36,01073,28737,163
37,01075,1628,3
38,01077,4233,22
39,01079,2304,9
40,01081,4059,27
41,01083,3809,16
42,01085,1270,4
43,01087,1901,12
44,01089,15427,73
45,01091,1898,6
46,01093,3344,8
47,01095,4364,18
48,01097,19465,115
49,01099,1627,7
50,01101,5621,65
51,01103,5025,27
52,01105,1064,3
53,01107,1481,5
54,01109,1880,8
55,01111,1992,6
56,01113,2158,13
57,01115,3900,13
58,01117,7945,48
59,01119,1223,4
60,01121,5316,22
61,01123,3208,10
62,01125,9004,47
63,01127,4274,18
64,01129,1818,5
65,01131,1139,4
66,01133,2031,7
67,04001,24145,16
68,04003,9139,32
69,04005,20267,28
70,04007,4979,16
71,04009,3988,9
72,04011,1394,3
73,04012,4795,9
74,04013,72729,916
75,04015,15677,43
76,04017,20804,31
77,04019,19985,241
78,04021,19349,75
79,04023,2678,10
80,04025,12462,42
81,04027,9275,55
82,05001,2796,8
83,05003,2046,7
84,05005,3064,9
85,05007,6976,49
86,05009,2422,7
87,05011,1017,5
88,05013,1356,2
89,05015,2171,5
90,05017,1870,4
91,05019,2126,5
92,05021,1951,6
93,05023,1819,7
94,05025,814,2
95,05027,2374,5
96,05029,1824,6
97,05031,3582,17
98,05033,2502,11
99,05035,2982,20
100,05037,1606,6
101,05039,1517,3
102,05041,1705,5
103,05043,1834,5
104,05045,3446,25
105,05047,2157,3
106,05049,1947,2
107,05051,5428,20
108,05053,1416,4
109,05055,2260,9
110,05057,2113,5
111,05059,3031,7
112,05061,2224,3
113,05063,2225,8
114,05065,2588,4
115,05067,2083,5
116,05069,5183,24
117,05071,2258,6
118,05073,1444,2
119,05075,2222,6
120,05077,1203,4
121,05079,1101,4
122,05081,1523,4
123,05083,1790,6
124,05085,2876,16
125,05087,1538,4
126,05089,1896,4
127,05091,2320,12
128,05093,3405,12
129,05095,1452,3
130,05097,1790,3
131,05099,1195,3
132,05101,1402,2
133,05103,2682,6
134,05105,1378,3
135,05107,1972,6
136,05109,2140,3
137,05111,2486,7
138,05113,2782,6
139,05115,3523,11
140,05117,1577,3
141,05119,11859,95
142,05121,1670,4
143,05123,2524,6
144,05125,3990,21
145,05127,1344,3
146,05129,1464,3
147,05131,4604,26
148,05133,1507,4
149,05135,2688,4
150,05137,1180,3
151,05139,3438,10
152,05141,2026,5
153,05143,6843,32
154,05145,3351,13
155,05147,1149,2
156,05149,2164,6
157,06001,23956,361
158,06003,456,1
159,06005,1396,9
160,06007,6517,51
161,06009,2818,10
162,06011,2204,5
163,06013,18309,208
164,06015,2062,8
165,06017,5810,43
166,06019,22096,199
167,06021,2783,6
168,06023,9697,31
169,06025,8875,31
170,06027,5317,6
171,06029,35280,151
172,06031,6188,27
173,06033,5164,15
174,06035,5639,9
175,06037,109582,2346
176,06039,4989,23
177,06041,4506,56
178,06043,1919,6
179,06045,8235,21
180,06047,7181,49
181,06049,5225,4
182,06051,3050,3
183,06053,10601,94
184,06055,2771,40
185,06057,4597,20
186,06059,36880,583
187,06061,9170,85
188,06063,4732,7
189,06065,35718,453
190,06067,19937,317
191,06069,2650,11
192,06071,48176,369
193,06073,43415,628
194,06075,7386,197
195,06077,13233,139
196,06079,11428,54
197,06081,9262,158
198,06083,10370,90
199,06085,22367,372
200,06087,5085,53
201,06089,10564,48
202,06091,1940,1
203,06093,10157,14
204,06095,10282,96
205,06097,10389,100
206,06099,8551,94
207,06101,2736,21
208,06103,5435,11
209,06105,3121,5
210,06107,13796,78
211,06109,4753,11
212,06111,14854,174
213,06113,3601,41
214,06115,2934,14
215,09001,14653,211
216,09003,14111,224
217,09005,6638,51
218,09007,4173,37
219,09009,13708,190
220,09011,7342,66
221,09013,3226,29
222,09015,3727,25
223,10001,4886,33
224,10003,10323,131
225,10005,8906,54
226,11001,6507,179
227,12001,7382,56
228,12003,1232,4
229,12005,8025,44
230,12007,1349,4
231,12009,12108,114
232,12011,21811,362
233,12013,1977,3
234,12015,8597,39
235,12017,8270,28
236,12019,5433,30
237,12021,6479,74
238,12023,3463,12
239,12027,1609,9
240,12029,2393,4
241,12031,14904,174
242,12033,10643,72
243,12035,3995,21
244,12037,2323,6
245,12039,2196,9
246,12041,1149,5
247,12043,1257,4
248,12045,2352,4
249,12047,1238,3
250,12049,1675,6
251,12051,2567,7
252,12053,5613,45
253,12055,6827,27
254,12057,21938,321
255,12059,1384,4
256,12061,6268,31
257,12063,3431,11
258,12065,1140,4
259,12067,1525,2
260,12069,12303,56
261,12071,21264,167
262,12073,6198,68
263,12075,4568,10
264,12077,1271,2
265,12079,1910,5
266,12081,8553,79
267,12083,13122,63
268,12085,3866,36
269,12086,38790,519
270,12087,4595,31
271,12089,3025,13
272,12091,6128,43
273,12093,1836,12
274,12095,19821,207
275,12097,6648,41
276,12099,20827,338
277,12101,9024,134
278,12103,22219,246
279,12105,19556,154
280,12107,5341,17
281,12109,4195,41
282,12111,9580,45
283,12113,5629,26
284,12115,11360,95
285,12117,8063,86
286,12119,3854,19
287,12121,2429,7
288,12123,3257,5
289,12125,922,3
290,12127,13343,114
291,12129,1815,5
292,12131,4460,12
293,12133,2156,7
294,13001,2010,5
295,13003,613,3
296,13005,1158,3
297,13007,744,2
298,13009,1391,9
299,13011,892,4
300,13013,1420,18
301,13015,3446,15
302,13017,1402,5
303,13019,1143,6
304,13021,4280,44
305,13023,780,3
306,13025,1153,3
307,13027,1013,5
308,13029,1673,7
309,13031,3090,12
310,13033,1863,6
311,13035,879,3
312,13037,579,2
313,13039,3231,11
314,13043,923,3
315,13045,3010,17
316,13047,1455,11
317,13049,1849,2
318,13051,7339,72
319,13053,1454,5
320,13055,1121,6
321,13057,3455,26
322,13059,1797,30
323,13061,469,1
324,13063,3505,50
325,13065,2120,2
326,13067,9971,120
327,13069,2657,9
328,13071,2248,10
329,13073,1574,20
330,13075,1320,4
331,13077,2990,20
332,13079,487,3
333,13081,1484,6
334,13083,1087,4
335,13085,930,3
336,13087,1867,7
337,13089,7591,145
338,13091,1442,6
339,13093,1183,3
340,13095,3101,27
341,13097,1699,20
342,13099,1238,5
343,13101,598,2
344,13103,1669,10
345,13105,1256,5
346,13107,2096,6
347,13109,1670,3
348,13111,1748,5
349,13113,1705,20
350,13115,3386,20
351,13117,1704,45
352,13119,1513,5
353,13121,13193,204
354,13123,1770,5
355,13125,373,1
356,13127,3621,16
357,13129,2032,9
358,13131,1897,6
359,13133,1288,7
360,13135,7502,113
361,13137,1714,8
362,13139,4202,36
363,13141,1014,2
364,13143,1831,5
365,13145,1538,5
366,13147,1985,5
367,13149,644,3
368,13151,3017,25
369,13153,4605,23
370,13155,1438,2
371,13157,2121,11
372,13159,1028,3
373,13161,1070,3
374,13163,1629,4
375,13165,844,2
376,13167,696,3
377,13169,957,6
378,13171,841,3
379,13173,754,2
380,13175,2979,13
381,13177,692,5
382,13179,2880,15
383,13181,764,2
384,13183,1135,3
385,13185,3132,25
386,13187,1076,4
387,13189,1216,5
388,13191,1846,5
389,13193,1309,4
390,13195,1380,6
391,13197,733,2
392,13199,1580,4
393,13201,496,3
394,13205,1098,5
395,13207,1185,5
396,13209,871,3
397,13211,1422,5
398,13213,945,8
399,13215,4103,53
400,13217,2102,13
401,13219,914,6
402,13221,954,4
403,13223,1854,19
404,13225,1065,6
405,13227,1082,6
406,13229,1987,4
407,13231,860,4
408,13233,1903,7
409,13235,739,3
410,13237,896,5
411,13239,243,1
412,13241,1334,5
413,13243,785,2
414,13245,5788,47
415,13247,1518,15
416,13249,345,2
417,13251,1617,5
418,13253,713,3
419,13255,1767,12
420,13257,1447,5
421,13259,915,2
422,13261,1454,8
423,13263,790,3
424,13265,462,1
425,13267,2253,5
426,13269,979,3
427,13271,1125,3
428,13273,879,4
429,13275,2065,11
430,13277,2317,9
431,13279,1545,6
432,13281,805,3
433,13283,696,2
434,13285,2275,14
435,13287,1075,2
436,13289,815,2
437,13291,1274,6
438,13293,1337,7
439,13295,2672,13
440,13297,1779,15
441,13299,3131,9
442,13301,949,2
443,13303,2084,5
444,13305,2201,6
445,13307,450,2
446,13309,629,2
447,13311,993,5
448,13313,3131,18
449,13315,863,4
450,13317,855,4
451,13319,794,3
452,13321,1664,5
453,16001,10146,59
454,16003,2792,2
455,16005,4892,22
456,16007,2279,2
457,16009,2002,2
458,16011,3465,8
459,16013,2836,4
460,16015,3449,1
461,16017,4108,9
462,16019,6573,21
463,16021,1669,2
464,16023,1100,1
465,16025,1000,1
466,16027,9185,29
467,16029,2834,2
468,16031,3677,6
469,16033,1000,1
470,16035,3248,2
471,16037,2434,1
472,16039,5441,5
473,16041,2579,2
474,16043,2542,3
475,16045,2276,3
476,16047,3860,2
477,16049,5061,5
478,16051,2754,4
479,16053,3921,5
480,16055,6033,25
481,16057,2747,7
482,16059,3737,3
483,16061,924,3
484,16063,2552,1
485,16065,2183,6
486,16067,4263,5
487,16069,2197,10
488,16071,1404,1
489,16073,4122,3
490,16075,2277,4
491,16077,2563,2
492,16079,3016,3
493,16081,1354,1
494,16083,6294,14
495,16085,4865,3
496,16087,2188,3
497,17001,3928,18
498,17003,1117,4
499,17005,1598,4
500,17007,1771,7
501,17009,1081,2
502,17011,3973,10
503,17013,687,2
504,17015,1975,6
505,17017,1775,5
506,17019,7268,43
507,17021,3229,10
508,17023,2008,4
509,17025,1636,4
510,17027,2552,8
511,17029,3030,12
512,17031,99042,1319
513,17033,1997,6
514,17035,1470,3
515,17037,3973,21
516,17039,2021,5
517,17041,2467,5
518,17043,17374,216
519,17045,3401,5
520,17047,788,3
521,17049,2466,8
522,17051,2837,7
523,17053,1678,5
524,17055,3911,12
525,17057,3357,12
526,17059,954,2
527,17061,1808,5
528,17063,4888,10
529,17065,1277,3
530,17067,2577,7
531,17069,498,2
532,17071,1382,3
533,17073,3389,13
534,17075,3734,9
535,17077,3691,14
536,17079,1336,3
537,17081,2931,11
538,17083,1213,6
539,17085,2211,6
540,17087,1359,4
541,17089,10664,82
542,17091,4281,29
543,17093,3875,10
544,17095,3192,16
545,17097,15968,154
546,17099,6686,28
547,17101,1701,5
548,17103,2977,9
549,17105,4620,10
550,17107,3205,8
551,17109,2243,10
552,17111,8051,52
553,17113,6781,41
554,17115,4529,34
555,17117,4355,13
556,17119,10672,61
557,17121,3797,12
558,17123,1930,5
559,17125,1976,6
560,17127,1196,4
561,17129,1185,3
562,17131,1702,4
563,17133,1686,6
564,17135,3574,8
565,17137,2303,10
566,17139,1487,4
567,17141,3444,11
568,17143,5641,48
569,17145,1668,6
570,17147,1759,4
571,17149,2991,5
572,17151,561,2
573,17153,1032,2
574,17155,658,2
575,17157,2714,9
576,17159,1423,5
577,17161,4689,40
578,17163,10471,60
579,17165,2386,9
580,17167,8831,53
581,17169,1088,3
582,17171,824,2
583,17173,3536,6
584,17175,774,2
585,17177,2572,13
586,17179,6430,30
587,17181,1591,5
588,17183,7410,24
589,17185,1840,4
590,17187,1866,5
591,17189,1650,4
592,17191,2046,5
593,17193,2999,5
594,17195,4756,18
595,17197,14515,152
596,17199,4541,15
597,17201,9518,77
598,17203,3036,9
599,18001,1873,7
600,18003,8052,96
601,18005,4709,15
602,18007,1468,3
603,18009,1240,4
604,18011,3103,10
605,18013,849,4
606,18015,2056,7
607,18017,3049,11
608,18019,4170,26
609,18021,2292,6
610,18023,1797,8
611,18025,1186,3
612,18027,2705,7
613,18029,2388,10
614,18031,1565,6
615,18033,2270,9
616,18035,4423,30
617,18037,2333,7
618,18039,7439,36
619,18041,1415,7
620,18043,1847,20
621,18045,1542,5
622,18047,1522,5
623,18049,1655,6
624,18051,3718,7
625,18053,3685,16
626,18055,2254,9
627,18057,5741,39
628,18059,2260,10
629,18061,1380,6
630,18063,3867,21
631,18065,3205,13
632,18067,3576,20
633,18069,2080,9
634,18071,2904,10
635,18073,1796,8
636,18075,1585,7
637,18077,2029,7
638,18079,1810,6
639,18081,4795,22
640,18083,3033,10
641,18085,4038,19
642,18087,2433,8
643,18089,13465,118
644,18091,4801,29
645,18093,2482,10
646,18095,5119,37
647,18097,16147,224
648,18099,2427,12
649,18101,1297,3
650,18103,1977,10
651,18105,2797,31
652,18107,2480,9
653,18109,3612,13
654,18111,1145,4
655,18113,2642,10
656,18115,343,2
657,18117,1553,6
658,18119,1888,5
659,18121,1565,4
660,18123,1572,5
661,18125,1546,4
662,18127,4172,33
663,18129,1935,7
664,18131,1854,4
665,18133,1832,7
666,18135,3049,8
667,18137,2091,6
668,18139,1354,5
669,18141,10618,75
670,18143,1001,5
671,18145,2826,10
672,18147,2158,5
673,18149,2216,7
674,18151,2149,9
675,18153,1836,5
676,18155,669,3
677,18157,3800,37
678,18159,1096,4
679,18161,860,2
680,18163,3941,49
681,18165,2225,5
682,18167,6210,28
683,18169,3437,8
684,18171,1338,2
685,18173,1941,11
686,18175,1901,6
687,18177,2878,17
688,18179,1434,7
689,18181,2915,8
690,18183,1340,7
691,19001,1680,3
692,19003,1101,2
693,19005,1431,5
694,19007,1544,5
695,19009,1265,3
696,19011,2815,7
697,19013,4728,38
698,19015,2701,7
699,19017,1576,8
700,19019,2390,6
701,19021,1615,6
702,19023,1733,5
703,19025,1885,4
704,19027,1957,6
705,19029,2124,5
706,19031,2036,5
707,19033,2684,11
708,19035,1929,4
709,19037,1710,4
710,19039,1314,3
711,19041,1790,4
712,19043,1714,6
713,19045,2469,12
714,19047,2440,5
715,19049,2628,15
716,19051,1360,2
717,19053,1472,3
718,19055,1696,4
719,19057,2448,11
720,19059,1510,5
721,19061,2918,26
722,19063,1300,4
723,19065,2693,7
724,19067,2075,5
725,19069,2012,3
726,19071,1836,3
727,19073,1539,4
728,19075,1132,4
729,19077,1886,3
730,19079,1612,5
731,19081,1433,4
732,19083,1834,6
733,19085,1984,5
734,19087,2255,5
735,19089,1327,3
736,19091,1562,4
737,19093,1456,3
738,19095,1903,4
739,19097,1927,6
740,19099,3168,9
741,19101,1932,4
742,19103,3182,24
743,19105,2168,5
744,19107,1463,4
745,19109,2715,6
746,19111,2106,11
747,19113,6241,45
748,19115,1608,3
749,19117,998,4
750,19119,1151,3
751,19121,2032,3
752,19123,1775,7
753,19125,1900,8
754,19127,2309,10
755,19129,1838,5
756,19131,1231,3
757,19133,1815,4
758,19135,930,3
759,19137,1777,4
760,19139,2232,10
761,19141,1917,4
762,19143,1259,2
763,19145,2272,6
764,19147,1973,4
765,19149,2237,6
766,19151,1940,3
767,19153,9891,98
768,19155,4592,30
769,19157,1889,5
770,19159,1542,2
771,19161,1672,4
772,19163,6960,47
773,19165,1847,4
774,19167,2165,7
775,19169,3775,20
776,19171,2051,6
777,19173,1654,3
778,19175,1889,4
779,19177,1060,2
780,19179,2793,11
781,19181,2052,12
782,19183,1683,5
783,19185,1473,3
784,19187,3459,12
785,19189,1051,3
786,19191,2335,5
787,19193,6395,26
788,19195,1374,3
789,19197,1807,5
790,20001,2670,5
791,20003,1956,2
792,20005,1439,4
793,20007,1610,2
794,20009,2656,8
795,20011,2441,5
796,20013,1807,3
797,20015,4500,13
798,20017,1548,1
799,20019,1334,1
800,20021,2399,6
801,20023,1240,1
802,20025,1287,1
803,20027,1834,2
804,20029,1644,4
805,20031,2409,3
806,20033,948,1
807,20035,3447,11
808,20037,3806,11
809,20039,1267,2
810,20041,3463,6
811,20043,1148,3
812,20045,3136,22
813,20047,1320,2
814,20049,1304,1
815,20051,3619,6
816,20053,1920,2
817,20055,2172,12
818,20057,3103,7
819,20059,2754,5
820,20061,2665,8
821,20063,1003,2
822,20065,964,2
823,20067,1419,2
824,20069,1655,2
825,20071,701,1
826,20073,2189,3
827,20075,1012,1
828,20077,2012,3
829,20079,2302,6
830,20081,1352,1
831,20083,1000,1
832,20085,1441,3
833,20087,2441,4
834,20089,1856,2
835,20091,9208,130
836,20093,1274,1
837,20095,2130,3
838,20097,1202,1
839,20099,3551,8
840,20101,996,1
841,20103,2856,16
842,20105,1414,1
843,20107,2540,2
844,20109,1061,1
845,20111,3792,8
846,20113,3573,7
847,20115,3047,4
848,20117,3084,4
849,20119,1683,2
850,20121,3301,8
851,20123,1373,2
852,20125,4430,13
853,20127,1816,2
854,20129,1102,1
855,20131,2472,3
856,20133,1996,5
857,20135,1490,2
858,20137,1584,1
859,20139,2198,5
860,20141,1646,1
861,20143,1087,2
862,20145,1875,2
863,20147,2035,3
864,20149,3127,4
865,20151,1489,3
866,20153,1253,1
867,20155,4286,17
868,20157,1838,3
869,20159,2263,3
870,20161,3081,14
871,20163,1974,2
872,20165,1512,2
873,20167,1482,2
874,20169,2553,12
875,20171,1311,1
876,20173,13277,124
877,20175,2179,5
878,20177,5828,43
879,20179,1254,2
880,20181,1737,2
881,20183,1781,2
882,20185,2003,2
883,20187,1210,1
884,20189,1356,2
885,20191,4413,6
886,20193,1783,2
887,20195,1479,1
888,20197,1900,2
889,20199,574,1
890,20201,2202,2
891,20203,976,1
892,20205,2572,4
893,20207,1105,2
894,20209,4793,70
895,21001,1037,7
896,21003,945,6
897,21005,736,5
898,21007,765,3
899,21009,1842,10
900,21011,644,3
901,21013,1668,9
902,21015,1475,22
903,21017,929,6
904,21019,1845,13
905,21021,1108,7
906,21023,478,3
907,21025,858,7
908,21027,1238,6
909,21029,1520,18
910,21031,852,5
911,21033,989,3
912,21035,2024,9
913,21037,1725,25
914,21039,484,3
915,21041,766,3
916,21043,1533,7
917,21045,918,5
918,21047,2977,19
919,21049,1130,10
920,21051,992,6
921,21053,574,3
922,21055,740,4
923,21057,770,2
924,21059,3033,23
925,21061,502,4
926,21063,486,2
927,21065,597,4
928,21067,4151,82
929,21069,925,4
930,21071,1915,10
931,21073,1514,11
932,21075,734,2
933,21077,548,2
934,21079,695,4
935,21081,926,4
936,21083,2082,9
937,21085,1219,7
938,21087,756,4
939,21089,1847,9
940,21091,699,3
941,21093,3518,22
942,21095,2421,11
943,21097,949,5
944,21099,1061,5
945,21101,1828,11
946,21103,853,5
947,21105,626,1
948,21107,2506,12
949,21109,683,3
950,21111,12762,191
951,21113,984,9
952,21115,1213,6
953,21117,3778,41
954,21119,673,5
955,21121,1450,8
956,21123,708,4
957,21125,1954,13
958,21127,1455,5
959,21129,604,3
960,21131,1058,3
961,21133,1430,7
962,21135,1495,4
963,21137,1057,6
964,21139,950,2
965,21141,1702,6
966,21143,1179,3
967,21145,3112,17
968,21147,732,4
969,21149,752,3
970,21151,2712,19
971,21153,590,4
972,21155,982,6
973,21157,2293,6
974,21159,553,3
975,21161,1180,5
976,21163,978,8
977,21165,383,2
978,21167,953,5
979,21169,592,3
980,21171,734,4
981,21173,853,6
982,21175,775,5
983,21177,2052,9
984,21179,1570,9
985,21181,576,2
986,21183,1752,7
987,21185,1151,14
988,21187,666,3
989,21189,448,2
990,21191,769,3
991,21193,1685,8
992,21195,2368,19
993,21197,655,2
994,21199,3031,14
995,21201,152,1
996,21203,863,4
997,21205,928,4
998,21207,1135,5
999,21209,1551,14
1000,21211,1398,9
1001,21213,785,4
1002,21215,513,4
1003,21217,1035,5
1004,21219,817,4
1005,21221,1591,5
1006,21223,393,2
1007,21225,1272,4
1008,21227,3271,24
1009,21229,786,3
1010,21231,1095,5
1011,21233,1168,4
1012,21235,1726,8
1013,21237,536,2
1014,21239,672,8
1015,22001,3105,12
1016,22003,1416,5
1017,22005,2711,14
1018,22007,1315,6
1019,22009,2337,9
1020,22011,3626,7
1021,22013,2040,5
1022,22015,3396,22
1023,22017,9229,64
1024,22019,5561,44
1025,22021,988,3
1026,22023,1651,3
1027,22025,1584,3
1028,22027,1832,5
1029,22029,2003,5
1030,22031,2922,7
1031,22033,7896,92
1032,22035,827,3
1033,22037,765,5
1034,22039,2195,8
1035,22041,2564,6
1036,22043,1912,5
1037,22045,2935,16
1038,22047,1637,7
1039,22049,1397,5
1040,22051,10454,127
1041,22053,2196,7
1042,22055,5309,43
1043,22057,4397,24
1044,22059,1978,3
1045,22061,1647,10
1046,22063,2929,17
1047,22065,2025,5
1048,22067,1811,8
1049,22069,3493,9
1050,22071,13932,177
1051,22073,5761,40
1052,22075,3843,9
1053,22077,1574,6
1054,22079,5536,33
1055,22081,917,2
1056,22083,2214,6
1057,22085,2442,7
1058,22087,3537,18
1059,22089,2890,13
1060,22091,565,2
1061,22093,1671,7
1062,22095,1891,11
1063,22097,4479,19
1064,22099,2539,11
1065,22101,4427,17
1066,22103,10141,43
1067,22105,3501,20
1068,22107,1572,3
1069,22109,4460,22
1070,22111,2367,6
1071,22113,3377,13
1072,22115,5143,12
1073,22117,2583,11
1074,22119,3604,11
1075,22121,1518,5
1076,22123,1081,3
1077,22125,707,3
1078,22127,2092,4
1079,23001,2855,28
1080,23003,8818,24
1081,23005,8333,67
1082,23007,2527,9
1083,23009,5028,18
1084,23011,4149,31
1085,23013,2405,11
1086,23015,2426,10
1087,23017,4079,17
1088,23019,6393,46
1089,23021,3171,8
1090,23023,1492,9
1091,23025,4323,17
1092,23027,2101,8
1093,23029,4658,14
1094,23031,6760,41
1095,24001,5057,23
1096,24003,8908,105
1097,24005,15767,214
1098,24009,3164,19
1099,24011,2533,9
1100,24013,4638,38
1101,24015,4272,19
1102,24017,5689,31
1103,24019,4433,10
1104,24021,8356,61
1105,24023,2532,7
1106,24025,5472,57
1107,24027,4845,55
1108,24029,2198,6
1109,24031,10592,215
1110,24033,15536,218
1111,24035,1607,14
1112,24037,3150,18
1113,24039,2852,8
1114,24041,3561,11
1115,24043,5194,32
1116,24045,6180,19
1117,24047,5113,17
1118,24510,13598,200
1119,25001,12873,57
1120,25003,6767,39
1121,25005,12491,126
1122,25007,2101,5
1123,25009,15471,163
1124,25011,4692,18
1125,25013,11053,103
1126,25015,4464,36
1127,25017,29036,318
1128,25019,1369,6
1129,25021,13583,130
1130,25023,12695,101
1131,25025,9170,204
1132,25027,21743,172
1133,08001,10351,97
1134,08003,1125,4
1135,08005,9118,147
1136,08007,1183,4
1137,08009,1188,2
1138,08011,1138,1
1139,08013,7368,68
1140,08014,1419,18
1141,08015,1898,5
1142,08017,612,1
1143,08019,1483,3
1144,08021,1150,2
1145,08023,2833,2
1146,08025,537,1
1147,08027,1206,1
1148,08029,1989,7
1149,08031,11039,144
1150,08033,673,1
1151,08035,5568,61
1152,08037,3686,14
1153,08039,1118,7
1154,08041,18690,130
1155,08043,3285,14
1156,08045,4329,11
1157,08047,835,1
1158,08049,2749,3
1159,08051,3628,4
1160,08053,509,1
1161,08055,2024,2
1162,08057,1080,1
1163,08059,10139,138
1164,08061,673,1
1165,08063,1382,3
1166,08065,946,2
1167,08067,2928,10
1168,08069,10976,73
1169,08071,2764,6
1170,08073,1458,2
1171,08075,2523,6
1172,08077,5552,29
1173,08079,429,1
1174,08081,2275,4
1175,08083,2649,7
1176,08085,3077,10
1177,08087,2299,8
1178,08089,3170,7
1179,08091,740,1
1180,08093,2759,5
1181,08095,1003,2
1182,08097,1164,4
1183,08099,2057,5
1184,08101,7856,55
1185,08103,2267,2
1186,08105,1488,3
1187,08107,2610,8
1188,08109,1671,2
1189,08111,285,1
1190,08113,1191,4
1191,08115,736,1
1192,08117,2159,5
1193,08119,1835,6
1194,08121,1393,2
1195,08123,9901,77
1196,08125,2896,2
1197,26001,1464,6
1198,26003,1946,4
1199,26005,4248,25
1200,26007,1855,10
1201,26009,2426,8
1202,26011,1735,7
1203,26013,2024,3
1204,26015,2580,11
1205,26017,3682,27
1206,26019,1709,6
1207,26021,6231,49
1208,26023,2329,12
1209,26025,5277,39
1210,26027,2624,11
1211,26029,2148,14
1212,26031,3242,9
1213,26033,3674,16
1214,26035,2787,11
1215,26037,2865,22
1216,26039,3292,5
1217,26041,2961,13
1218,26043,2454,7
1219,26045,3395,28
1220,26047,2068,9
1221,26049,8986,131
1222,26051,1775,9
1223,26053,2030,8
1224,26055,3580,17
1225,26057,2393,10
1226,26059,2631,12
1227,26061,2736,12
1228,26063,3298,13
1229,26065,6467,81
1230,26067,2743,13
1231,26069,2406,10
1232,26071,2682,5
1233,26073,2595,15
1234,26075,5239,38
1235,26077,5785,57
1236,26079,2781,5
1237,26081,11666,128
1238,26083,858,3
1239,26085,2105,4
1240,26087,3050,24
1241,26089,1751,7
1242,26091,3802,23
1243,26093,4974,61
1244,26095,1353,4
1245,26097,1856,6
1246,26099,13278,217
1247,26101,2380,10
1248,26103,5635,25
1249,26105,2229,9
1250,26107,2671,11
1251,26109,2221,8
1252,26111,2676,19
1253,26113,1672,4
1254,26115,4661,39
1255,26117,3149,13
1256,26119,2399,5
1257,26121,5581,43
1258,26123,3483,11
1259,26125,20596,338
1260,26127,3449,8
1261,26129,1948,7
1262,26131,1605,4
1263,26133,2090,6
1264,26135,1988,5
1265,26137,2308,6
1266,26139,5509,54
1267,26141,2088,7
1268,26143,2802,10
1269,26145,6713,56
1270,26147,5261,50
1271,26149,3876,17
1272,26151,2678,13
1273,26153,2072,4
1274,26155,3074,17
1275,26157,2985,14
1276,26159,3466,16
1277,26161,6541,100
1278,26163,35943,611
1279,26165,2300,8
1280,27001,2474,6
1281,27003,7856,83
1282,27005,3423,10
1283,27007,3067,10
1284,27009,1531,9
1285,27011,1147,3
1286,27013,3250,16
1287,27015,1775,8
1288,27017,2315,7
1289,27019,3288,19
1290,27021,3972,10
1291,27023,2024,4
1292,27025,2193,10
1293,27027,2925,13
1294,27029,1690,3
1295,27031,2186,3
1296,27033,1734,4
1297,27035,5276,16
1298,27037,6811,95
1299,27039,1613,5
1300,27041,2464,9
1301,27043,2540,6
1302,27045,2534,6
1303,27047,3318,10
1304,27049,2808,10
1305,27051,1242,2
1306,27053,19175,299
1307,27055,1582,5
1308,27057,2755,7
1309,27059,2325,8
1310,27061,5615,11
1311,27063,1588,4
1312,27065,1415,4
1313,27067,3138,12
1314,27069,1904,2
1315,27071,2414,4
1316,27073,1785,3
1317,27075,2367,4
1318,27077,1469,2
1319,27079,1995,6
1320,27081,1455,2
1321,27083,2266,7
1322,27085,2627,7
1323,27087,915,2
1324,27089,2547,4
1325,27091,2400,6
1326,27093,2751,6
1327,27095,2166,7
1328,27097,3275,8
1329,27099,2897,11
1330,27101,1626,3
1331,27103,1945,7
1332,27105,2271,6
1333,27107,1673,3
1334,27109,4578,33
1335,27111,6828,17
1336,27113,1531,5
1337,27115,3150,8
1338,27117,1678,5
1339,27119,4037,10
1340,27121,1496,4
1341,27123,8548,137
1342,27125,845,2
1343,27127,2763,6
1344,27129,2808,6
1345,27131,2342,13
1346,27133,1321,3
1347,27135,2534,5
1348,27137,13331,67
1349,27139,2734,21
1350,27141,2608,11
1351,27143,1689,4
1352,27145,7317,29
1353,27147,1669,8
1354,27149,1115,3
1355,27151,2168,4
1356,27153,2505,8
1357,27155,1020,2
1358,27157,2317,6
1359,27159,1549,3
1360,27161,1496,5
1361,27163,5966,50
1362,27165,1453,3
1363,27167,1557,2
1364,27169,3032,10
1365,27171,4039,17
1366,27173,1956,4
1367,28001,1785,9
1368,28003,2076,7
1369,28005,1422,3
1370,28007,1596,6
1371,28009,777,2
1372,28011,4084,8
1373,28013,1206,5
1374,28015,1242,2
1375,28017,1212,4
1376,28019,735,3
1377,28021,765,3
1378,28023,1887,4
1379,28025,1412,5
1380,28027,3569,7
1381,28029,1977,6
1382,28031,1589,4
1383,28033,2686,33
1384,28035,4188,17
1385,28037,1247,2
1386,28039,1689,5
1387,28041,1661,2
1388,28043,1559,5
1389,28045,2959,8
1390,28047,6722,46
1391,28049,6995,64
1392,28051,1586,5
1393,28053,1821,3
1394,28055,749,1
1395,28057,1842,5
1396,28059,4693,29
1397,28061,1512,4
1398,28063,874,2
1399,28065,990,3
1400,28067,4005,14
1401,28069,1053,2
1402,28071,2017,10
1403,28073,1937,8
1404,28075,4277,19
1405,28077,842,3
1406,28079,1524,5
1407,28081,3610,19
1408,28083,3788,8
1409,28085,2224,6
1410,28087,3299,14
1411,28089,2943,21
1412,28091,1435,6
1413,28093,1640,6
1414,28095,3374,9
1415,28097,1268,3
1416,28099,1960,7
1417,28101,1841,5
1418,28103,1117,3
1419,28105,2196,8
1420,28107,2180,6
1421,28109,2294,9
1422,28111,1318,3
1423,28113,2490,8
1424,28115,1734,6
1425,28117,1744,5
1426,28119,1289,3
1427,28121,3645,27
1428,28123,1796,6
1429,28125,1312,2
1430,28127,2136,5
1431,28129,1449,3
1432,28131,1394,3
1433,28133,3322,7
1434,28135,1979,4
1435,28137,1158,5
1436,28139,1434,4
1437,28141,2410,4
1438,28143,1842,3
1439,28145,1500,6
1440,28147,1058,3
1441,28149,2058,12
1442,28151,4471,19
1443,28153,1731,4
1444,28155,851,3
1445,28157,988,2
1446,28159,1517,5
1447,28161,1331,3
1448,28163,1890,6
1449,29001,2034,7
1450,29003,1915,4
1451,29005,1373,2
1452,29007,3153,7
1453,29009,4598,7
1454,29011,2131,3
1455,29013,2931,4
1456,29015,3238,6
1457,29017,1323,3
1458,29019,5437,29
1459,29021,5333,25
1460,29023,4552,10
1461,29025,1796,2
1462,29027,3323,8
1463,29029,3648,11
1464,29031,3899,16
1465,29033,1922,3
1466,29035,833,2
1467,29037,4010,20
1468,29039,1773,3
1469,29041,2917,3
1470,29043,3570,14
1471,29045,1885,3
1472,29047,5803,44
1473,29049,1710,4
1474,29051,2185,15
1475,29053,1933,5
1476,29055,2190,6
1477,29057,2068,2
1478,29059,1685,3
1479,29061,2318,2
1480,29063,1698,2
1481,29065,1692,4
1482,29067,2078,3
1483,29069,3817,10
1484,29071,5064,17
1485,29073,1975,5
1486,29075,1174,2
1487,29077,10731,62
1488,29079,1863,4
1489,29081,1981,3
1490,29083,3092,6
1491,29085,1324,3
1492,29087,1624,3
1493,29089,1765,3
1494,29091,3015,8
1495,29093,1616,4
1496,29095,16557,199
1497,29097,5378,22
1498,29099,6611,42
1499,29101,3966,9
1500,29103,1159,2
1501,29105,2839,6
1502,29107,3059,7
1503,29109,3394,7
1504,29111,1392,4
1505,29113,3251,7
1506,29115,2197,5
1507,29117,1690,5
1508,29119,2023,4
1509,29121,2413,5
1510,29123,1488,3
1511,29125,1317,3
1512,29127,2154,8
1513,29129,769,2
1514,29131,2573,5
1515,29133,1573,4
1516,29135,1424,4
1517,29137,2069,3
1518,29139,2097,4
1519,29141,2430,5
1520,29143,2352,6
1521,29145,4243,12
1522,29147,2843,5
1523,29149,1240,3
1524,29151,1447,4
1525,29153,2085,2
1526,29155,2085,6
1527,29157,1509,5
1528,29159,4274,11
1529,29161,3662,10
1530,29163,2718,5
1531,29165,3033,20
1532,29167,2867,4
1533,29169,3631,9
1534,29171,1141,2
1535,29173,1594,3
1536,29175,2524,6
1537,29177,1748,4
1538,29179,1938,2
1539,29181,1261,4
1540,29183,9835,79
1541,29185,2108,3
1542,29186,1583,4
1543,29187,3293,11
1544,29189,18747,199
1545,29195,3091,8
1546,29197,862,2
1547,29199,1234,2
1548,29201,3137,10
1549,29203,1571,2
1550,29205,1181,3
1551,29207,3519,8
1552,29209,4953,6
1553,29211,1711,3
1554,29213,3240,10
1555,29215,3783,4
1556,29217,3379,6
1557,29219,2688,5
1558,29221,2647,5
1559,29223,1618,4
1560,29225,3264,8
1561,29227,415,1
1562,29229,2116,4
1563,29510,9577,106
1564,30001,3682,3
1565,30003,4087,5
1566,30005,2336,4
1567,30007,1816,2
1568,30009,2568,5
1569,30011,1350,1
1570,30013,4375,22
1571,30015,1566,2
1572,30017,1905,6
1573,30019,635,1
1574,30021,1087,3
1575,30023,1341,3
1576,30025,947,1
1577,30027,1638,2
1578,30029,7786,19
1579,30031,6695,22
1580,30033,1000,1
1581,30035,2393,4
1582,30037,874,1
1583,30039,1552,1
1584,30041,3074,6
1585,30043,3352,3
1586,30045,1363,1
1587,30047,4711,8
1588,30049,4890,14
1589,30051,1156,1
1590,30053,5880,5
1591,30055,502,1
1592,30057,3705,3
1593,30059,1209,1
1594,30061,1572,2
1595,30063,5863,20
1596,30065,1417,2
1597,30067,3003,6
1598,30069,696,1
1599,30071,2154,1
1600,30073,1356,2
1601,30075,1137,1
1602,30077,2231,2
1603,30079,477,1
1604,30081,3232,10
1605,30083,1744,4
1606,30085,1675,3
1607,30087,2261,4
1608,30089,3133,3
1609,30091,1379,2
1610,30093,3148,8
1611,30095,1870,3
1612,30097,1760,1
1613,30099,1605,3
1614,30101,1347,3
1615,30103,537,1
1616,30105,2255,3
1617,30107,879,1
1618,30109,323,1
1619,30111,5759,32
1620,31001,2930,9
1621,31003,2284,3
1622,31005,172,1
1623,31007,503,1
1624,31009,322,1
1625,31011,1596,2
1626,31013,1748,3
1627,31015,926,1
1628,31017,777,1
1629,31019,5035,11
1630,31021,1703,3
1631,31023,2192,3
1632,31025,3494,6
1633,31027,2382,2
1634,31029,1064,1
1635,31031,2571,2
1636,31033,2430,3
1637,31035,2128,2
1638,31037,1720,3
1639,31039,2057,3
1640,31041,4209,4
1641,31043,1633,4
1642,31045,2205,2
1643,31047,4092,7
1644,31049,804,1
1645,31051,1535,2
1646,31053,3633,9
1647,31055,12248,156
1648,31057,859,1
1649,31059,1754,2
1650,31061,1267,2
1651,31063,1450,1
1652,31065,2103,1
1653,31067,3305,7
1654,31069,964,1
1655,31071,450,1
1656,31073,947,1
1657,31075,346,1
1658,31077,782,1
1659,31079,5819,14
1660,31081,2100,3
1661,31083,1531,1
1662,31085,577,1
1663,31087,996,1
1664,31089,3407,4
1665,31091,188,1
1666,31093,2063,2
1667,31095,1638,3
1668,31097,1360,2
1669,31099,1266,2
1670,31101,1790,3
1671,31103,559,1
1672,31105,1365,1
1673,31107,2660,3
1674,31109,8189,74
1675,31111,5330,8
1676,31113,289,1
1677,31115,285,1
1678,31117,220,1
1679,31119,3232,9
1680,31121,2152,3
1681,31123,2078,1
1682,31125,1289,1
1683,31127,1648,2
1684,31129,1417,2
1685,31131,3031,5
1686,31133,1301,1
1687,31135,994,1
1688,31137,2196,3
1689,31139,1630,2
1690,31141,3643,7
1691,31143,1336,2
1692,31145,1778,3
1693,31147,2076,3
1694,31149,522,1
1695,31151,2053,4
1696,31153,5432,43
1697,31155,3762,5
1698,31157,6083,11
1699,31159,2276,4
1700,31161,2811,2
1701,31163,1331,1
1702,31165,1148,1
1703,31167,1399,2
1704,31169,1567,2
1705,31171,329,1
1706,31173,1403,2
1707,31175,1508,2
1708,31177,2088,5
1709,31179,1640,2
1710,31181,1320,2
1711,31183,246,1
1712,31185,2381,4
1713,32001,3065,7
1714,32003,24521,487
1715,32005,2164,17
1716,32007,8771,14
1717,32009,1607,1
1718,32011,1795,1
1719,32013,4502,4
1720,32015,1484,1
1721,32017,2757,2
1722,32019,4336,10
1723,32021,1886,2
1724,32023,7418,10
1725,32027,2842,1
1726,32029,1061,1
1727,32031,10793,112
1728,32033,4086,3
1729,32510,1450,14
1730,33001,3387,15
1731,33003,4943,11
1732,33005,4582,16
1733,33007,4369,11
1734,33009,5163,19
1735,33011,8945,86
1736,33013,5154,36
1737,33015,7082,66
1738,33017,2865,25
1739,33019,2347,10
1740,34001,10968,70
1741,34003,13380,179
1742,34005,11695,114
1743,34007,10573,127
1744,34009,5182,33
1745,34011,4464,35
1746,34013,8751,210
1747,34015,6292,63
1748,34017,4286,166
1749,34019,3512,26
1750,34021,6347,77
1751,34023,12730,175
1752,34025,14943,144
1753,34027,9411,100
1754,34029,16067,126
1755,34031,6736,100
1756,34033,2752,25
1757,34035,5595,68
1758,34037,4475,41
1759,34039,7563,108
1760,34041,3866,23
1761,35001,12946,153
1762,35003,1981,1
1763,35005,6724,16
1764,35006,5022,7
1765,35007,4102,3
1766,35009,2859,12
1767,35011,1186,1
1768,35013,9774,41
1769,35015,8281,12
1770,35017,3284,8
1771,35019,1708,1
1772,35021,1000,1
1773,35023,1200,2
1774,35025,7869,18
1775,35027,4338,5
1776,35028,611,4
1777,35029,5797,6
1778,35031,14746,17
1779,35033,1542,1
1780,35035,4567,16
1781,35037,3334,3
1782,35039,8372,9
1783,35041,2929,5
1784,35043,9707,28
1785,35045,16290,33
1786,35047,4031,7
1787,35049,6090,50
1788,35051,2614,4
1789,35053,3811,6
1790,35055,4283,6
1791,35057,3467,4
1792,35059,1504,1
1793,35061,2640,18
1794,36001,7035,75
1795,36003,3967,13
1796,36005,5498,339
1797,36007,5760,55
1798,36009,5098,21
1799,36011,3597,20
1800,36013,6396,36
1801,36015,3125,22
1802,36017,3509,12
1803,36019,3554,19
1804,36021,3868,21
1805,36023,2298,12
1806,36025,4809,14
1807,36027,6548,79
1808,36029,13550,237
1809,36031,3343,13
1810,36033,3155,14
1811,36035,2305,15
1812,36037,2321,15
1813,36039,2856,15
1814,36041,1592,4
1815,36043,4104,19
1816,36045,6526,26
1817,36047,9764,761
1818,36049,3087,7
1819,36051,3456,15
1820,36053,3421,16
1821,36055,11308,193
1822,36057,2764,16
1823,36059,22127,284
1824,36061,3950,288
1825,36063,4786,62
1826,36065,8619,74
1827,36067,9890,140
1828,36069,3815,25
1829,36071,10034,79
1830,36073,1525,11
1831,36075,5347,30
1832,36077,4607,17
1833,36079,2423,19
1834,36081,14858,669
1835,36083,4987,42
1836,36085,5078,111
1837,36087,4764,65
1838,36089,7066,28
1839,36091,6301,50
1840,36093,3346,43
1841,36095,2805,8
1842,36097,1880,5
1843,36099,2199,10
1844,36101,6628,30
1845,36103,28892,323
1846,36105,5172,24
1847,36107,2437,10
1848,36109,3082,23
1849,36111,6195,47
1850,36113,2931,19
1851,36115,2983,17
1852,36117,3791,23
1853,36119,15170,223
1854,36121,1982,11
1855,36123,1885,5
1856,37001,4369,36
1857,37003,1109,7
1858,37005,941,3
1859,37007,1673,6
1860,37009,1524,6
1861,37011,1403,5
1862,37013,2857,11
1863,37015,980,4
1864,37017,2160,6
1865,37019,6147,33
1866,37021,6577,56
1867,37023,3100,18
1868,37025,4356,37
1869,37027,2647,17
1870,37029,300,2
1871,37031,3823,39
1872,37033,877,6
1873,37035,5199,31
1874,37037,2232,13
1875,37039,2573,7
1876,37041,558,3
1877,37043,890,2
1878,37045,3467,22
1879,37047,2976,13
1880,37049,3508,21
1881,37051,6793,68
1882,37053,741,8
1883,37055,2154,11
1884,37057,5442,34
1885,37059,1110,7
1886,37061,3298,11
1887,37063,5029,60
1888,37065,2202,14
1889,37067,7734,93
1890,37069,1825,12
1891,37071,5668,65
1892,37073,453,3
1893,37075,1096,3
1894,37077,1999,13
1895,37079,679,4
1896,37081,11028,119
1897,37083,2559,12
1898,37085,2843,27
1899,37087,3523,16
1900,37089,4252,27
1901,37091,1003,5
1902,37093,1674,9
1903,37095,959,3
1904,37097,5217,44
1905,37099,3572,9
1906,37101,4007,25
1907,37103,941,3
1908,37105,1864,13
1909,37107,2279,15
1910,37109,1847,18
1911,37111,1985,10
1912,37113,2799,9
1913,37115,2157,6
1914,37117,1228,6
1915,37119,12596,233
1916,37121,1213,4
1917,37123,1646,6
1918,37125,3698,18
1919,37127,3286,18
1920,37129,5046,45
1921,37131,1046,5
1922,37133,4336,32
1923,37135,2652,28
1924,37137,1068,5
1925,37139,1112,10
1926,37141,2068,16
1927,37143,525,3
1928,37145,1736,7
1929,37147,4138,32
1930,37149,1059,7
1931,37151,3969,28
1932,37153,2021,11
1933,37155,5799,31
1934,37157,2845,21
1935,37159,4259,30
1936,37161,3207,13
1937,37163,2149,11
1938,37165,1921,7
1939,37167,2237,13
1940,37169,1490,9
1941,37171,3119,22
1942,37173,1397,5
1943,37175,1990,7
1944,37177,457,1
1945,37179,5063,41
1946,37181,1661,10
1947,37183,14422,187
1948,37185,829,6
1949,37187,633,3
1950,37189,2393,13
1951,37191,3530,26
1952,37193,3501,14
1953,37195,2388,19
1954,37197,1159,7
1955,37199,1117,5
1956,38001,1348,1
1957,38003,2934,4
1958,38005,2633,4
1959,38007,1000,1
1960,38009,3162,3
1961,38011,1808,2
1962,38013,1949,1
1963,38015,5030,19
1964,38017,7921,33
1965,38019,2176,2
1966,38021,1656,3
1967,38023,1444,1
1968,38025,2619,1
1969,38027,1142,1
1970,38029,2449,1
1971,38031,1337,1
1972,38033,1404,1
1973,38035,4210,18
1974,38037,2000,1
1975,38039,1252,1
1976,38041,1637,2
1977,38043,1808,1
1978,38045,2053,2
1979,38047,1109,1
1980,38049,3572,2
1981,38051,1375,1
1982,38053,3301,4
1983,38055,5016,2
1984,38057,2589,3
1985,38059,4262,5
1986,38061,3227,3
1987,38063,1956,1
1988,38065,1362,1
1989,38067,2091,5
1990,38069,1687,2
1991,38071,2639,3
1992,38073,1546,3
1993,38075,1734,1
1994,38077,3403,6
1995,38079,2498,4
1996,38081,1776,2
1997,38083,1000,1
1998,38085,1064,2
1999,38087,1000,1
2000,38089,3594,8
2001,38091,1268,1
2002,38093,4800,6
2003,38095,1437,1
2004,38097,2175,4
2005,38099,3311,6
2006,38101,6416,13
2007,38103,2310,2
2008,38105,5279,7
2009,39001,1789,6
2010,39003,6015,33
2011,39005,4140,11
2012,39007,3880,26
2013,39009,3069,15
2014,39011,3411,11
2015,39013,5996,20
2016,39015,2629,9
2017,39017,6185,80
2018,39019,2068,7
2019,39021,1903,10
2020,39023,4049,44
2021,39025,3670,40
2022,39027,1939,9
2023,39029,5312,24
2024,39031,2650,10
2025,39033,2765,13
2026,39035,15396,447
2027,39037,5132,12
2028,39039,3259,9
2029,39041,3817,35
2030,39043,3061,19
2031,39045,4455,28
2032,39047,1408,7
2033,39049,22826,284
2034,39051,3192,9
2035,39053,1972,7
2036,39055,1606,21
2037,39057,4465,35
2038,39059,3769,10
2039,39061,10808,222
2040,39063,3315,13
2041,39065,1669,7
2042,39067,1968,5
2043,39069,2897,7
2044,39071,2182,9
2045,39073,1736,7
2046,39075,3178,8
2047,39077,4141,13
2048,39079,2075,7
2049,39081,3747,23
2050,39083,5537,12
2051,39085,3633,59
2052,39087,2519,16
2053,39089,8547,32
2054,39091,2777,11
2055,39093,6353,74
2056,39095,8911,128
2057,39097,1774,12
2058,39099,6247,70
2059,39101,2148,18
2060,39103,2649,37
2061,39105,1663,6
2062,39107,3485,9
2063,39109,3612,21
2064,39111,1826,4
2065,39113,11371,153
2066,39115,1671,4
2067,39117,1672,6
2068,39119,3982,19
2069,39121,1717,3
2070,39123,2460,13
2071,39125,1570,5
2072,39127,2235,6
2073,39129,1759,13
2074,39131,1872,6
2075,39133,5671,35
2076,39135,3151,12
2077,39137,3805,7
2078,39139,6337,30
2079,39141,2944,17
2080,39143,2944,15
2081,39145,3529,20
2082,39147,2769,14
2083,39149,2789,10
2084,39151,12218,86
2085,39153,11076,135
2086,39155,5949,55
2087,39157,6681,21
2088,39159,3245,10
2089,39161,2898,9
2090,39163,1222,3
2091,39165,4357,33
2092,39167,3173,16
2093,39169,4238,32
2094,39171,3985,9
2095,39173,5270,28
2096,39175,1559,6
2097,40001,2373,5
2098,40003,2420,3
2099,40005,2104,4
2100,40007,2238,3
2101,40009,3324,4
2102,40011,2325,5
2103,40013,3876,11
2104,40015,4794,8
2105,40017,4522,29
2106,40019,2911,11
2107,40021,3886,9
2108,40023,2374,5
2109,40025,2212,2
2110,40027,5647,62
2111,40029,1048,2
2112,40031,6581,32
2113,40033,1603,2
2114,40035,1928,5
2115,40037,6074,21
2116,40039,3751,5
2117,40041,3866,9
2118,40043,2480,3
2119,40045,1847,2
2120,40047,4538,12
2121,40049,3581,9
2122,40051,5254,10
2123,40053,1991,2
2124,40055,1809,2
2125,40057,840,1
2126,40059,1260,2
2127,40061,1682,4
2128,40063,2226,5
2129,40065,4345,8
2130,40067,1263,3
2131,40069,2009,3
2132,40071,4193,11
2133,40073,3283,4
2134,40075,2902,3
2135,40077,1537,3
2136,40079,5215,12
2137,40081,3509,7
2138,40083,3077,8
2139,40085,1154,3
2140,40087,1944,6
2141,40089,6292,8
2142,40091,3324,6
2143,40093,2684,3
2144,40095,1467,4
2145,40097,3454,9
2146,40099,1853,3
2147,40101,6127,16
2148,40103,2845,4
2149,40105,1541,4
2150,40107,2871,4
2151,40109,16518,241
2152,40111,3686,10
2153,40113,6917,11
2154,40115,3026,9
2155,40117,2163,5
2156,40119,4116,17
2157,40121,5845,13
2158,40123,3365,10
2159,40125,3998,16
2160,40127,2815,3
2161,40129,1522,1
2162,40131,4337,28
2163,40133,2398,9
2164,40135,3879,9
2165,40137,4441,11
2166,40139,5203,5
2167,40141,2548,5
2168,40143,13536,175
2169,40145,3842,22
2170,40147,3291,13
2171,40149,3013,4
2172,40151,1720,3
2173,40153,2685,5
2174,41001,4964,6
2175,41003,2979,18
2176,41005,9638,80
2177,41007,4099,12
2178,41009,2763,10
2179,41011,5953,14
2180,41013,2488,4
2181,41015,3072,6
2182,41017,8088,24
2183,41019,14088,23
2184,41021,964,1
2185,41023,4290,2
2186,41025,3343,2
2187,41027,1303,4
2188,41029,9606,41
2189,41031,3921,6
2190,41033,3856,16
2191,41035,11279,20
2192,41037,3436,2
2193,41039,14532,87
2194,41041,3974,18
2195,41043,6885,21
2196,41045,4601,8
2197,41047,8237,58
2198,41049,1965,2
2199,41051,17292,171
2200,41053,3129,12
2201,41055,500,1
2202,41057,4568,9
2203,41059,6196,15
2204,41061,4634,8
2205,41063,2754,3
2206,41065,3138,8
2207,41067,8380,104
2208,41069,1448,1
2209,41071,4258,17
2210,42001,4429,23
2211,42003,30519,402
2212,42005,4315,19
2213,42007,5770,51
2214,42009,6915,11
2215,42011,13195,90
2216,42013,5654,34
2217,42015,4488,14
2218,42017,12334,143
2219,42019,6001,44
2220,42021,7005,42
2221,42023,885,2
2222,42025,3264,12
2223,42027,4583,31
2224,42029,10296,116
2225,42031,3296,10
2226,42033,8307,20
2227,42035,3236,9
2228,42037,3914,15
2229,42039,4969,23
2230,42041,9437,49
2231,42043,8651,65
2232,42045,9503,144
2233,42047,2255,9
2234,42049,7498,72
2235,42051,7449,36
2236,42053,908,3
2237,42055,6168,27
2238,42057,1077,3
2239,42059,2969,9
2240,42061,3339,12
2241,42063,4821,23
2242,42065,3472,13
2243,42067,1684,5
2244,42069,8487,59
2245,42071,13278,98
2246,42073,3968,28
2247,42075,5847,31
2248,42077,11761,76
2249,42079,11669,104
2250,42081,6993,29
2251,42083,3312,12
2252,42085,5639,30
2253,42087,2256,12
2254,42089,6015,33
2255,42091,13769,211
2256,42093,1254,4
2257,42095,9309,68
2258,42097,7446,24
2259,42099,2549,10
2260,42101,18872,384
2261,42103,3736,18
2262,42105,2363,5
2263,42107,6872,40
2264,42109,3582,8
2265,42111,5002,21
2266,42113,1056,2
2267,42115,3918,11
2268,42117,3046,10
2269,42119,2219,10
2270,42121,2998,16
2271,42123,2660,13
2272,42125,8033,59
2273,42127,4055,14
2274,42129,13145,100
2275,42131,1854,7
2276,42133,11976,90
2277,44001,1092,11
2278,44003,4183,39
2279,44005,2452,23
2280,44007,13157,141
2281,44009,4297,30
2282,45001,1506,6
2283,45003,7715,33
2284,45005,1254,3
2285,45007,7104,39
2286,45009,1414,4
2287,45011,2372,6
2288,45013,6051,41
2289,45015,5783,45
2290,45017,986,3
2291,45019,15036,86
2292,45021,2605,13
2293,45023,1978,11
2294,45025,3522,10
2295,45027,2069,12
2296,45029,2857,10
2297,45031,2672,16
2298,45033,1849,6
2299,45035,3286,25
2300,45037,1831,6
2301,45039,1727,5
2302,45041,4720,33
2303,45043,3421,15
2304,45045,9885,111
2305,45047,2373,14
2306,45049,1938,5
2307,45051,9202,72
2308,45053,1807,5
2309,45055,2795,15
2310,45057,2903,14
2311,45059,3203,17
2312,45061,1576,7
2313,45063,7046,74
2314,45065,1171,3
2315,45067,2071,8
2316,45069,1572,7
2317,45071,2353,8
2318,45073,3542,15
2319,45075,5503,20
2320,45077,4394,28
2321,45079,10830,89
2322,45081,1603,5
2323,45083,10012,69
2324,45085,4926,23
2325,45087,1777,9
2326,45089,2575,11
2327,45091,5093,46
2328,46003,752,1
2329,46005,3499,6
2330,46007,654,2
2331,46009,1530,2
2332,46011,1774,6
2333,46013,3345,8
2334,46015,881,2
2335,46017,235,1
2336,46019,706,2
2337,46021,564,1
2338,46023,1635,3
2339,46025,901,1
2340,46027,1446,3
2341,46029,1907,7
2342,46031,873,2
2343,46033,1258,2
2344,46035,1374,4
2345,46037,2057,3
2346,46039,1225,2
2347,46041,532,2
2348,46043,705,1
2349,46045,1057,2
2350,46047,1412,2
2351,46049,954,1
2352,46051,1335,2
2353,46053,1171,2
2354,46055,555,1
2355,46057,872,2
2356,46059,1058,2
2357,46061,1089,1
2358,46063,534,1
2359,46065,1121,4
2360,46067,1898,3
2361,46069,387,1
2362,46071,1298,2
2363,46073,536,1
2364,46075,895,1
2365,46077,1334,2
2366,46079,1089,3
2367,46081,1469,5
2368,46083,2614,11
2369,46085,1095,2
2370,46087,1224,2
2371,46089,930,1
2372,46091,1310,1
2373,46093,1640,5
2374,46095,1843,1
2375,46097,735,1
2376,46099,5510,42
2377,46101,1050,2
2378,46103,4366,23
2379,46105,1103,1
2380,46107,812,1
2381,46109,2155,4
2382,46111,1344,1
2383,46113,1578,3
2384,46115,1952,3
2385,46117,479,1
2386,46119,389,1
2387,46121,889,2
2388,46123,1936,2
2389,46125,1334,2
2390,46127,1331,3
2391,46129,1089,2
2392,46135,1415,5
2393,46137,320,1
2394,47001,3000,18
2395,47003,2263,9
2396,47005,1625,5
2397,47007,1173,3
2398,47009,4852,28
2399,47011,3392,19
2400,47013,2312,11
2401,47015,725,3
2402,47017,2399,8
2403,47019,2414,17
2404,47021,1185,9
2405,47023,986,3
2406,47025,1680,9
2407,47027,616,2
2408,47029,2451,9
2409,47031,2726,12
2410,47033,998,5
2411,47035,3404,14
2412,47037,10775,161
2413,47039,1379,4
2414,47041,974,4
2415,47043,2680,10
2416,47045,1946,8
2417,47047,2211,11
2418,47049,895,4
2419,47051,3029,9
2420,47053,3278,14
2421,47055,2729,8
2422,47057,1346,5
2423,47059,4168,15
2424,47061,1236,4
2425,47063,2321,12
2426,47065,8708,82
2427,47067,629,2
2428,47069,2140,6
2429,47071,2462,6
2430,47073,2824,13
2431,47075,1454,6
2432,47077,2051,6
2433,47079,2569,9
2434,47081,2364,6
2435,47083,860,3
2436,47085,1982,5
2437,47087,655,4
2438,47089,2535,9
2439,47091,1084,5
2440,47093,8343,112
2441,47095,520,2
2442,47097,1223,9
2443,47099,2620,11
2444,47101,1007,2
2445,47103,2054,9
2446,47105,3223,10
2447,47107,2994,10
2448,47109,2229,7
2449,47111,948,4
2450,47113,3505,27
2451,47115,2085,6
2452,47117,1878,6
2453,47119,4511,17
2454,47121,1081,3
2455,47123,3038,7
2456,47125,3731,39
2457,47127,510,2
2458,47129,1200,5
2459,47131,2458,10
2460,47133,1149,7
2461,47135,1182,2
2462,47137,446,1
2463,47139,1680,5
2464,47141,3411,15
2465,47143,1855,6
2466,47145,3527,11
2467,47147,2070,14
2468,47149,4926,49
2469,47151,1496,5
2470,47153,774,3
2471,47155,4434,18
2472,47157,17275,221
2473,47159,1230,5
2474,47161,1590,5
2475,47163,5735,39
2476,47165,3804,42
2477,47167,1430,13
2478,47169,411,2
2479,47171,1240,4
2480,47173,1096,4
2481,47175,637,2
2482,47177,1701,9
2483,47179,4412,23
2484,47181,1887,4
2485,47183,2685,11
2486,47185,1326,6
2487,47187,4535,37
2488,47189,3529,21
2489,48001,3172,11
2490,48003,2485,4
2491,48005,3456,17
2492,48007,1586,6
2493,48009,1830,3
2494,48011,886,1
2495,48013,2965,8
2496,48015,2144,6
2497,48017,1606,1
2498,48019,2267,5
2499,48021,3395,10
2500,48023,920,1
2501,48025,2113,7
2502,48027,8791,65
2503,48029,26452,366
2504,48031,1488,2
2505,48033,1000,1
2506,48035,3042,7
2507,48037,4639,18
2508,48039,10133,51
2509,48041,3611,42
2510,48043,3390,3
2511,48045,1000,1
2512,48047,1648,2
2513,48049,2993,12
2514,48051,1524,5
2515,48053,3316,8
2516,48055,2690,8
2517,48057,1885,6
2518,48059,1722,3
2519,48061,12347,87
2520,48063,801,3
2521,48065,2484,2
2522,48067,2418,7
2523,48069,2076,3
2524,48071,2032,7
2525,48073,2985,12
2526,48075,1518,2
2527,48077,1811,3
2528,48079,1280,1
2529,48081,1585,2
2530,48083,2567,3
2531,48085,17258,152
2532,48087,1286,1
2533,48089,2843,5
2534,48091,3465,24
2535,48093,1752,4
2536,48095,1205,1
2537,48097,2936,8
2538,48099,3195,19
2539,48101,1164,1
2540,48103,1237,1
2541,48105,1221,1
2542,48107,1601,3
2543,48109,1450,1
2544,48111,1540,2
2545,48113,44113,529
2546,48115,2818,4
2547,48117,2297,4
2548,48119,786,2
2549,48121,14651,137
2550,48123,1965,5
2551,48125,1123,1
2552,48127,2052,2
2553,48129,1724,2
2554,48131,3117,3
2555,48133,2362,5
2556,48135,4616,28
2557,48137,1138,1
2558,48139,6379,31
2559,48141,17538,161
2560,48143,3151,8
2561,48145,1878,6
2562,48147,2496,9
2563,48149,3475,7
2564,48151,1783,2
2565,48153,1574,2
2566,48155,855,1
2567,48157,11898,76
2568,48159,989,3
2569,48161,2080,7
2570,48163,2996,3
2571,48165,2958,3
2572,48167,9595,67
2573,48169,1356,1
2574,48171,1899,5
2575,48173,1156,1
2576,48175,532,2
2577,48177,2123,6
2578,48179,2892,7
2579,48181,6706,26
2580,48183,5324,25
2581,48185,1920,6
2582,48187,3301,29
2583,48189,3465,9
2584,48191,1430,1
2585,48193,1127,3
2586,48195,1332,2
2587,48197,1435,1
2588,48199,3638,11
2589,48201,75406,786
2590,48203,3704,14
2591,48205,1316,1
2592,48207,1829,2
2593,48209,3165,25
2594,48211,1266,1
2595,48213,4519,17
2596,48215,16617,113
2597,48217,3469,11
2598,48219,4295,7
2599,48221,2609,10
2600,48223,2217,9
2601,48225,1750,7
2602,48227,2724,10
2603,48229,2428,1
2604,48231,4865,19
2605,48233,3817,7
2606,48235,1156,1
2607,48237,2158,3
2608,48239,1777,3
2609,48241,2231,8
2610,48243,957,1
2611,48245,10760,73
2612,48247,1294,2
2613,48249,2870,7
2614,48251,4513,28
2615,48253,2331,6
2616,48255,1511,4
2617,48257,4517,18
2618,48259,1464,6
2619,48261,1006,2
2620,48263,1000,1
2621,48265,3378,10
2622,48267,1530,2
2623,48269,1000,1
2624,48271,1314,1
2625,48273,2099,6
2626,48275,1428,2
2627,48277,2800,12
2628,48279,3622,5
2629,48281,1332,5
2630,48283,1803,1
2631,48285,2045,6
2632,48287,1360,4
2633,48289,1985,3
2634,48291,3597,14
2635,48293,2116,8
2636,48295,978,2
2637,48297,1818,4
2638,48299,2588,6
2639,48301,776,1
2640,48303,8303,68
2641,48305,1907,3
2642,48307,2410,3
2643,48309,7612,51
2644,48311,999,1
2645,48313,760,4
2646,48315,1350,4
2647,48317,1304,2
2648,48319,1371,2
2649,48321,4221,11
2650,48323,2651,9
2651,48325,4056,8
2652,48327,646,1
2653,48329,3897,27
2654,48331,2285,7
2655,48333,885,2
2656,48335,2080,2
2657,48337,2464,6
2658,48339,7219,59
2659,48341,1922,4
2660,48343,1058,3
2661,48345,1065,1
2662,48347,2381,13
2663,48349,4448,10
2664,48351,1892,4
2665,48353,2878,5
2666,48355,8281,82
2667,48357,896,3
2668,48359,1165,1
2669,48361,4239,21
2670,48363,3681,9
2671,48365,1685,6
2672,48367,4427,19
2673,48369,2720,2
2674,48371,4915,4
2675,48373,3590,10
2676,48375,5204,34
2677,48377,2052,2
2678,48379,686,2
2679,48381,3486,29
2680,48383,1183,1
2681,48385,1208,1
2682,48387,1562,4
2683,48389,2383,5
2684,48391,1045,2
2685,48393,959,1
2686,48395,1853,5
2687,48397,1887,11
2688,48399,2479,4
2689,48401,3118,13
2690,48403,1108,3
2691,48405,1070,3
2692,48407,1801,4
2693,48409,3076,16
2694,48411,1513,2
2695,48413,1217,1
2696,48415,2949,4
2697,48417,1231,1
2698,48419,1849,6
2699,48421,1042,1
2700,48423,6812,41
2701,48425,1066,2
2702,48427,4313,15
2703,48429,1956,3
2704,48431,1000,1
2705,48433,1122,1
2706,48435,1224,1
2707,48437,2741,3
2708,48439,35067,357
2709,48441,5400,38
2710,48443,1000,1
2711,48445,2289,3
2712,48447,1110,1
2713,48449,1664,8
2714,48451,6222,25
2715,48453,15922,218
2716,48455,1513,5
2717,48457,2239,5
2718,48459,2281,7
2719,48461,2106,2
2720,48463,3511,5
2721,48465,3539,10
2722,48467,2953,10
2723,48469,3346,23
2724,48471,2514,10
2725,48473,1925,6
2726,48475,3305,3
2727,48477,2351,6
2728,48479,6915,61
2729,48481,4050,11
2730,48483,2018,2
2731,48485,4919,37
2732,48487,2112,4
2733,48489,2224,6
2734,48491,9081,89
2735,48493,1953,11
2736,48495,1454,3
2737,48497,4014,11
2738,48499,3404,10
2739,48501,1982,2
2740,48503,2301,4
2741,48505,1766,3
2742,48507,2564,4
2743,49001,2152,2
2744,49003,4045,11
2745,49005,3829,26
2746,49007,2065,5
2747,49009,753,1
2748,49011,6197,54
2749,49013,2670,3
2750,49015,2818,3
2751,49017,2747,2
2752,49019,1640,2
2753,49021,4447,8
2754,49023,2463,2
2755,49025,1629,2
2756,49027,4235,3
2757,49029,955,2
2758,49031,845,1
2759,49033,1657,1
2760,49035,14935,212
2761,49037,4546,4
2762,49039,3690,5
2763,49041,3422,5
2764,49043,3563,13
2765,49045,5027,11
2766,49047,3614,6
2767,49049,17178,128
2768,49051,2043,4
2769,49053,5513,21
2770,49055,1229,1
2771,49057,5499,50
2772,50001,2100,10
2773,50003,1924,12
2774,50005,2400,10
2775,50007,3310,35
2776,50009,1179,3
2777,50011,2182,10
2778,50013,456,2
2779,50015,1318,7
2780,50017,2196,10
2781,50019,2285,10
2782,50021,3304,20
2783,50023,2857,19
2784,50025,2981,18
2785,50027,4088,18
2786,51001,4204,12
2787,51003,3527,22
2788,51005,1701,6
2789,51007,1137,2
2790,51009,2079,9
2791,51011,1219,3
2792,51013,2188,59
2793,51015,4370,13
2794,51017,777,1
2795,51019,3672,16
2796,51021,1001,2
2797,51023,2221,8
2798,51025,2680,5
2799,51027,2699,7
2800,51029,1583,4
2801,51031,3343,12
2802,51033,2524,7
2803,51035,2413,7
2804,51036,635,3
2805,51037,1708,3
2806,51041,6469,71
2807,51043,1262,3
2808,51045,917,1
2809,51047,1648,8
2810,51049,938,2
2811,51051,1466,4
2812,51053,2992,7
2813,51057,1140,3
2814,51059,11226,258
2815,51061,2986,17
2816,51063,1245,3
2817,51065,1365,4
2818,51067,3545,10
2819,51069,3116,14
2820,51071,1617,4
2821,51073,1839,8
2822,51075,1075,5
2823,51077,2043,5
2824,51079,757,3
2825,51081,1478,3
2826,51083,3958,9
2827,51085,3183,23
2828,51087,6354,64
2829,51089,2677,14
2830,51091,745,1
2831,51093,1574,8
2832,51095,1942,11
2833,51097,960,2
2834,51099,911,5
2835,51101,1351,4
2836,51103,1490,4
2837,51105,2330,6
2838,51107,5991,65
2839,51109,2212,6
2840,51111,1752,3
2841,51113,1006,2
2842,51115,850,3
2843,51117,3748,9
2844,51119,1356,5
2845,51121,3560,16
2846,51125,2070,3
2847,51127,987,3
2848,51131,2265,4
2849,51133,2375,4
2850,51135,1919,4
2851,51137,1450,5
2852,51139,1793,5
2853,51141,2021,4
2854,51143,4680,16
2855,51145,954,5
2856,51147,1454,5
2857,51149,1790,7
2858,51153,6116,83
2859,51155,2581,10
2860,51157,891,2
2861,51159,579,2
2862,51161,2860,18
2863,51163,2540,4
2864,51165,5531,19
2865,51167,2673,7
2866,51169,2554,6
2867,51171,2084,9
2868,51173,2375,9
2869,51175,2014,5
2870,51177,3414,30
2871,51179,1934,27
2872,51181,976,2
2873,51183,2201,5
2874,51185,3433,11
2875,51187,1987,8
2876,51191,3528,13
2877,51193,1766,4
2878,51195,2969,11
2879,51197,2644,6
2880,51199,2417,15
2881,51510,1294,38
2882,51515,247,1
2883,51520,919,4
2884,51530,551,1
2885,51540,803,12
2886,51550,3835,41
2887,51570,523,5
2888,51580,384,2
2889,51590,1548,16
2890,51595,386,2
2891,51600,309,5
2892,51610,213,3
2893,51620,282,2
2894,51630,669,6
2895,51640,318,2
2896,51650,3511,34
2897,51660,818,11
2898,51670,1021,7
2899,51678,219,1
2900,51680,2093,19
2901,51683,617,7
2902,51685,145,2
2903,51690,414,5
2904,51700,3381,44
2905,51710,6481,81
2906,51720,244,1
2907,51730,1437,11
2908,51735,229,4
2909,51740,3048,31
2910,51750,530,3
2911,51760,5213,66
2912,51770,3601,23
2913,51775,901,5
2914,51790,711,6
2915,51800,2957,28
2916,51810,7351,100
2917,51820,887,5
2918,51830,394,3
2919,51840,698,5
2920,53001,2073,5
2921,53003,821,6
2922,53005,4902,37
2923,53007,4501,14
2924,53009,3439,22
2925,53011,7205,104
2926,53013,793,1
2927,53015,3198,24
2928,53017,2372,8
2929,53019,2403,3
2930,53021,2389,13
2931,53023,593,1
2932,53025,4833,16
2933,53027,5589,17
2934,53029,2075,22
2935,53031,2565,8
2936,53033,35838,398
2937,53035,4583,55
2938,53037,4410,8
2939,53039,2236,3
2940,53041,4288,20
2941,53043,3126,4
2942,53045,2465,14
2943,53047,5536,10
2944,53049,2090,8
2945,53051,1928,5
2946,53053,14506,172
2947,53055,1077,5
2948,53057,4436,30
2949,53059,1290,5
2950,53061,11307,151
2951,53063,14903,105
2952,53065,4021,12
2953,53067,6097,50
2954,53069,843,1
2955,53071,2584,12
2956,53073,6257,34
2957,53075,3539,10
2958,53077,8463,45
2959,54001,1662,4
2960,54003,2749,14
2961,54005,2282,8
2962,54007,2233,3
2963,54009,1207,6
2964,54011,3301,29
2965,54013,998,2
2966,54015,1111,3
2967,54017,933,2
2968,54019,3885,12
2969,54021,1262,2
2970,54023,1332,3
2971,54025,4369,7
2972,54027,2402,5
2973,54029,1265,8
2974,54031,1662,3
2975,54033,4644,22
2976,54035,2544,6
2977,54037,1868,15
2978,54039,11503,53
2979,54041,2006,5
2980,54043,1709,5
2981,54045,2688,9
2982,54047,2938,8
2983,54049,3480,18
2984,54051,2196,9
2985,54053,2852,6
2986,54055,3601,16
2987,54057,1881,7
2988,54059,1493,7
2989,54061,4303,24
2990,54063,1577,3
2991,54065,1206,4
2992,54067,3111,7
2993,54069,2408,18
2994,54071,2265,3
2995,54073,1273,2
2996,54075,2065,4
2997,54077,3503,8
2998,54079,2621,10
2999,54081,3999,17
3000,54083,2935,7
3001,54085,2105,3
3002,54087,1356,4
3003,54089,1745,4
3004,54091,1235,4
3005,54093,1310,3
3006,54095,1153,3
3007,54097,1804,6
3008,54099,2562,11
3009,54101,2084,3
3010,54103,1671,5
3011,54105,1017,2
3012,54107,5551,26
3013,54109,2303,6
3014,55001,2267,7
3015,55003,2256,8
3016,55005,3381,10
3017,55007,2907,6
3018,55009,5672,54
3019,55011,1927,5
3020,55013,2225,6
3021,55015,2050,11
3022,55017,3712,11
3023,55019,3265,8
3024,55021,4076,12
3025,55023,2010,6
3026,55025,12568,107
3027,55027,4659,20
3028,55029,2320,10
3029,55031,3684,13
3030,55033,3021,8
3031,55035,3530,20
3032,55037,796,2
3033,55039,4375,20
3034,55041,1734,4
3035,55043,4007,12
3036,55045,2582,8
3037,55047,1574,6
3038,55049,2258,6
3039,55051,1506,4
3040,55053,2427,5
3041,55055,3375,20
3042,55057,2989,7
3043,55059,4182,36
3044,55061,1213,5
3045,55063,4145,25
3046,55065,2011,5
3047,55067,1885,6
3048,55069,2415,10
3049,55071,3706,20
3050,55073,6083,27
3051,55075,4539,13
3052,55077,1753,5
3053,55078,1158,2
3054,55079,13231,298
3055,55081,3777,9
3056,55083,3160,11
3057,55085,4627,14
3058,55087,5151,40
3059,55089,2413,19
3060,55091,600,2
3061,55093,2056,8
3062,55095,3256,10
3063,55097,4226,14
3064,55099,2283,6
3065,55101,4122,45
3066,55103,1910,5
3067,55105,5479,38
3068,55107,2318,5
3069,55109,3159,14
3070,55111,4799,13
3071,55113,3104,6
3072,55115,2995,11
3073,55117,4727,27
3074,55119,1875,6
3075,55121,4450,8
3076,55123,2538,7
3077,55125,4329,5
3078,55127,4670,22
3079,55129,2879,5
3080,55131,3285,28
3081,55133,10153,86
3082,55135,3886,12
3083,55137,1914,7
3084,55139,5620,41
3085,55141,3861,17
3086,56001,3749,10
3087,56003,3886,3
3088,56005,4289,7
3089,56007,6807,5
3090,56009,3481,4
3091,56011,3442,2
3092,56013,6919,10
3093,56015,3035,4
3094,56017,1955,2
3095,56019,1408,2
3096,56021,5168,21
3097,56023,3922,4
3098,56025,7093,18
3099,56027,1268,1
3100,56029,5292,5
3101,56031,3085,2
3102,56033,3777,6
3103,56035,3024,2
3104,56037,5305,12
3105,56039,2501,4
3106,56041,2652,3
3107,56043,1902,3
3108,56045,2244,2
